mean,sd
62013.29012274847,2945.893945912718
24073.85398173929,639.4094175768814
11935.0214994521,252.60953710202767
